<?xml version="1.0" encoding="UTF-8"?>
<!DOCTYPE mapper PUBLIC "-//mybatis.org//DTD Mapper 3.0//EN" "http://mybatis.org/dtd/mybatis-3-mapper.dtd">
<mapper namespace="com.ymb.windy.datasource1.mapper.SysMenuMapping">

	<resultMap id="sysMenuResultMap" type="com.ymb.windy.datasource1.entity.SysMenu">
		<id column="id" property="id" jdbcType="INTEGER" />
		<result column="title" property="title" jdbcType="VARCHAR" />
		<result column="pid" property="pid" jdbcType="INTEGER" />
		<result column="url" property="url" jdbcType="VARCHAR" />
		<result column="menu_type" property="menuType" jdbcType="INTEGER" />
		<result column="status" property="status" jdbcType="INTEGER" />
	</resultMap>

	<insert id="saveSysMenu" parameterType="com.ymb.windy.datasource1.entity.SysMenu">
		INSERT INTO sys_menu VALUES(#{id},#{title},#{pid},#{url},#{menuType},#{status})
	</insert>

	<select id="queryAllSysMenu" resultMap="sysMenuResultMap">
		SELECT * FROM sys_menu
	</select>

</mapper>